id;user_id;title;content_type;strokes;text_content;images;summary;quiz_id;created_at;updated_at;folder
85e78b61-b848-475c-adad-016ac3ad1d0e;e71dff32-cfec-4d2a-995a-2994f9fe6bc7;Untitled Note;text;[];"The blinking light caught her attention. She thought about it a bit and couldn't remember ever noticing it before. That was strange since it was obvious the flashing light had been there for years. Now she wondered how she missed it for that amount of time and what other things in her small town she had failed to notice.
The time had come for Nancy to say goodbye. She had been dreading this moment for a good six months, and it had finally arrived despite her best efforts to forestall it. No matter how hard she tried, she couldn't keep the inevitable from happening. So the time had come for a normal person to say goodbye and move on. It was at this moment that Nancy decided not to be a normal person. After all the time and effort she had expended, she couldn't bring herself to do it.
I'm heading back to Colorado tomorrow after being down in Santa Barbara over the weekend for the festival there. I will be making October plans once there and will try to arrange so I'm back here for the birthday if possible. I'll let you know as soon as I know the doctor's appointment schedule and my flight plans.";[];"A peculiar flashing light prompts an observation of previously unnoticed details in a small town. Concurrently, Nancy grapples with an impending farewell she's been dreading, ultimately deciding against a ""normal"" goodbye. Separately, plans are being made to travel to Colorado from Santa Barbara after a festival, with hopes of returning for a birthday in October, pending appointment and flight schedules.";;2025-10-26 04:38:58.242254+00;2025-10-28 03:40:24.769106+00;Summa
463024e3-ffdc-4bec-bba7-9fb137af3177;18f6d64b-7465-4222-b838-1d5a892ecb51;Untitled Note;text;[];Hx=®{®©{^©;[];This note is illegible and appears to be a random string of characters without discernible meaning. It cannot be summarized.;;2025-10-26 13:13:29.306726+00;2025-10-26 13:14:07.73762+00;
fd41a0f0-f7f6-4fd2-a6c5-552f1340c346;e71dff32-cfec-4d2a-995a-2994f9fe6bc7;summa;text;[];"The blinking light caught her attention. She thought about it a bit and couldn't remember ever noticing it before. That was strange since it was obvious the flashing light had been there for years. Now she wondered how she missed it for that amount of time and what other things in her small town she had failed to notice.

The time had come for Nancy to say goodbye. She had been dreading this moment for a good six months, and it had finally arrived despite her best efforts to forestall it. No matter how hard she tried, she couldn't keep the inevitable from happening. So the time had come for a normal person to say goodbye and move on. It was at this moment that Nancy decided not to be a normal person. After all the time and effort she had expended, she couldn't bring herself to do it.

I'm heading back to Colorado tomorrow after being down in Santa Barbara over the weekend for the festival there. I will be making October plans once there and will try to arrange so I'm back here for the birthday if possible. I'll let you know as soon as I know the doctor's appointment schedule and my flight plans.";[];"A blinking light, long present, suddenly noticed, prompts reflection on overlooked details in a small town. Nancy faces a long-dreaded goodbye, but after much effort, decides against being ""normal"" and cannot bring herself to leave. The narrator plans to return to Colorado after a Santa Barbara festival, then aims to arrange October plans to be back for a birthday, pending doctor's appointments and flight schedules.";;2025-10-26 13:00:06.807251+00;2025-10-28 03:40:00.986125+00;Summa
7aa1d908-978d-4503-bb32-1daa8385a968;e71dff32-cfec-4d2a-995a-2994f9fe6bc7;Rainbow story;canvas;[];"They decided to find the end of the rainbow. While they hoped they would find a pot of gold, neither of them truly believed that the mythical pot would actually be there. Nor did they believe they could actually find the end of the rainbow. Still, it seemed like a fun activity for the day, and pictures of them chasing rainbows would look great on their Instagram accounts. They would have never believed they would actually find the end of a rainbow, and when they did, what they actually found there.
The red line moved across the page. With each millimeter it advanced forward, something changed in the room. The actual change taking place was difficult to perceive, but the change was real. The red line continued relentlessly across the page and the room would never be the same.
She didn't understand how changed worked. When she looked at today compared to yesterday, there was nothing that she could see that was different. Yet, when she looked at today compared to last year, she couldn't see how anything was ever the same.";[];This note presents three distinct vignettes. The first describes two friends' lighthearted quest to find the end of a rainbow, which surprisingly leads to an unexpected discovery. The second portrays a mysterious red line moving across a page, creating imperceptible but real changes in a room. The third ponders the nature of change, contrasting the subtle differences between consecutive days with the dramatic transformations observed over longer periods.;;2025-10-28 03:43:41.378319+00;2025-10-28 03:56:25.992853+00;
bd35c40c-f83e-42e2-b46c-8b5dc3c51b1f;e71dff32-cfec-4d2a-995a-2994f9fe6bc7;Untitled Note;canvas;"[{""globalCompositeOperation"":""source-over"",""id"":""stroke-1761795026025"",""points"":[177,97,177,98,177,101,177,102,177,105,178,110,178,112,179,116,179,117,179,118,179,121,179,124,179,126,179,131,179,133,180,136,180,137,180,140,180,145,180,146,180,149,180,150,180,153,180,156,180,158,180,161,180,163,180,164,180,166,180,170,180,173,180,177,180,179,180,181,180,183,180,184,180,186,180,189,180,191,180,193,181,195,181,197,181,201,181,205,182,208,182,209,182,209,182,210,182,211,182,212,182,213,182,213,182,214,182,215,182,216,182,217,182,217,182,218,182,219,182,220,182,221,182,221,182,222,182,223,182,224,182,225,182,226,182,227,182,228,183,228],""stroke"":""#000000"",""strokeWidth"":8,""tool"":""pen""},{""globalCompositeOperation"":""source-over"",""id"":""stroke-1761795028882"",""points"":[301,127,302,125,304,123,305,121,305,120,308,118,308,118,313,116,316,114,320,113,322,113,324,113,325,113,327,113,328,113,330,114,332,116,336,118,341,120,343,121,344,122,348,125,349,125,352,129,354,132,356,133,359,137,361,142,364,146,368,153,368,157,369,161,370,164,370,166,370,170,368,174,365,181,363,188,360,191,356,197,352,199,347,202,340,207,329,210,316,216,303,221,297,223,295,224,293,225,292,225,292,225,294,225,296,225,298,225,300,225,304,224,308,223,312,223,324,222,337,222,355,222,373,222,382,222,390,222,401,222,407,223,412,223,416,223,419,223,420,223,421,223,422,223,423,223,424,223,424,223,425,223,424,223],""stroke"":""#000000"",""strokeWidth"":8,""tool"":""pen""},{""globalCompositeOperation"":""source-over"",""id"":""stroke-1761795031224"",""points"":[573,115,573,114,574,113,575,111,576,110,578,109,580,109,583,107,588,105,592,104,600,102,605,101,609,101,613,101,616,101,618,101,623,103,624,104,628,107,630,108,632,109,635,113,636,115,637,117,638,120,639,123,640,128,640,133,640,136,640,141,640,143,639,146,637,148,636,149,632,150,627,152,620,153,604,155,599,156,594,156,592,156,592,156,591,156,590,156,592,156,593,156,594,156,597,155,600,154,606,153,611,153,618,153,623,153,628,153,636,153,639,153,646,156,649,157,652,157,655,160,656,161,660,165,664,169,664,172,667,174,668,177,668,180,668,185,668,195,668,196,668,200,668,201,666,204,661,209,656,213,645,220,640,222,637,224,635,225,632,225,627,226,618,227,608,227,602,227,596,226,592,225,591,225,590,224,589,223,587,222,585,222,585,221,584,221,584,221,583,220,580,219,578,218,576,217,576,217,574,217,573,217,573,217],""stroke"":""#000000"",""strokeWidth"":8,""tool"":""pen""}]";I'm going to show my software project today. Hope everything goes well.;[];The user is presenting their software project today and hopes for a successful outcome.;;2025-10-30 03:20:56.165695+00;2025-10-30 03:30:54.318183+00;
99539bb3-6acf-495a-a1a0-28e5c125c56f;e71dff32-cfec-4d2a-995a-2994f9fe6bc7;test;canvas;[];I'm gonna show my software project today, hope everything goes well;[];The user is presenting a software project today and hopes for a successful outcome.;;2025-10-28 04:01:54.980104+00;2025-10-28 04:02:38.327926+00;